Code,Indicies,Aug-24,Sep-24,Oct-24,Nov-24,Dec-24,Jan-25,Feb-25,Mar-25,Apr-25,May-25,Jun-25,Jul-25,Aug-25
L52H, 01.1 Food,135.9,136.3,136.4,137.2,137.9,138.9,139.2,139.2,140.0,141.0,141.4,141.9,142.4
L52I, 01.1.1 Bread and cereals,136.4,136.0,136.1,137.3,138.3,138.9,140.0,140.5,141.4,140.4,142.0,142.0,141.6
J2I7,01.1.1.1 Rice,115.4,113.8,115.0,114.2,114.2,114.0,113.7,112.0,111.6,112.5,112.6,112.6,112.9
J2I8,01.1.1.2 Flours and other cereals ,106.2,106.1,105.9,106.1,106.4,106.5,107.6,106.8,106.4,105.7,105.6,103.5,99.9
J2I9,01.1.1.3 Bread,136.3,136.4,136.3,136.0,136.9,137.3,137.3,136.2,137.9,139.1,139.3,139.0,139.3
J2IA,01.1.1.4 Other bakery products,149.8,149.3,150.1,152.3,155.1,155.8,157.8,160.8,160.7,158.1,161.3,160.6,160.4
J2IB,01.1.1.5 Pizza and quiche,128.9,123.2,128.1,124.6,121.1,126.9,129.8,124.2,127.1,122.3,127.2,127.1,126.6
J2IC,01.1.1.6 Pasta products and couscous ,137.7,137.5,136.4,138.0,138.6,131.6,135.8,133.1,134.7,133.8,135.0,135.0,133.8
J2ID,01.1.1.7/8 Breakfast cereals and other cereal products,124.1,125.4,123.0,126.0,125.1,125.7,125.5,126.3,127.6,128.0,127.5,129.7,128.8
L52J, 01.1.2 Meat,127.8,127.8,127.8,127.1,127.2,129.3,129.2,128.8,131.3,133.3,134.1,135.0,135.7
J2IF,01.1.2.1 Beef and veal,120.8,120.9,121.8,121.6,122.4,125.0,128.5,131.3,136.6,141.8,146.0,149.5,150.8
J2IG,01.1.2.2 Pork,139.6,139.5,140.4,138.2,140.8,142.5,142.3,142.7,145.1,148.3,149.0,149.4,151.1
J2IH,01.1.2.3 Lamb and goat,158.2,157.9,159.7,157.5,159.0,165.3,164.2,163.4,168.9,170.4,169.3,169.0,170.8
J2II,01.1.2.4 Poultry,113.6,115.3,113.9,113.8,113.7,114.3,114.8,114.6,117.1,117.6,117.7,118.5,118.4
J2IJ,01.1.2.6 Edible offal,168.3,167.9,168.4,168.7,170.2,169.9,166.3,168.3,178.3,178.2,179.2,181.8,182.8
J2IK,"01.1.2.7 Dried, salted or smoked meat",123.4,122.6,122.5,121.7,121.0,123.0,122.0,120.6,121.5,123.7,123.8,123.8,123.7
J2IL,01.1.2.8 Other meat preparations,137.3,137.9,137.9,137.1,137.6,139.3,138.0,137.1,139.8,139.6,141.0,142.7,144.5
L52K, 01.1.3 Fish,131.5,134.2,132.3,133.4,132.4,132.8,132.8,129.7,130.7,133.7,133.5,131.1,132.1
J2IM,01.1.3.1 Fresh or chilled fish,133.2,139.2,135.5,139.0,140.1,137.7,140.7,136.2,138.2,138.6,137.8,134.0,135.1
J2IN,01.1.3.4 Frozen seafood,105.4,105.8,106.3,105.0,103.8,106.5,103.3,101.8,102.4,105.4,105.3,102.5,103.9
J2IO,01.1.3.6 Other preserved or processed fish and seafood based preps,137.7,139.9,137.6,138.9,136.9,137.5,137.9,134.7,135.3,139.3,139.4,138.1,138.6
L52L," 01.1.4 Milk, cheese and eggs",141.0,141.6,141.5,143.5,143.7,144.2,143.3,144.4,143.5,145.8,145.8,146.6,146.9
J2IP,"01.1.4.1 Milk, whole, ",145.5,146.5,145.5,145.7,145.8,145.9,146.6,146.8,150.0,154.7,157.8,162.1,163.8
J2IQ,"01.1.4.2 Milk, low fat",151.8,151.7,151.7,151.4,151.4,151.2,151.2,151.3,151.5,151.2,151.7,151.5,151.2
J2IS,01.1.4.4 Yoghurt,145.7,146.4,142.8,150.8,145.6,144.5,143.8,148.9,142.9,148.7,147.5,151.2,149.8
J2IT,01.1.4.5 Cheese and curd,129.7,130.0,131.3,132.8,134.0,135.3,134.0,134.6,133.8,136.3,136.4,134.9,136.3
J2IU,01.1.4.6 Other milk products,143.0,144.0,144.7,145.1,148.5,149.0,146.5,147.7,147.1,150.0,149.0,150.6,150.8
J2IV,01.1.4.7 Eggs ,129.4,130.7,130.6,131.7,132.0,132.9,133.4,133.1,134.0,133.2,133.7,135.6,135.6
L52M, 01.1.5 Oils and fats,187.1,187.5,187.0,190.3,193.0,191.0,191.3,190.1,193.2,190.4,193.8,193.3,190.8
J2IW,01.1.5.1 Butter,147.9,148.1,154.4,155.2,160.6,170.6,173.3,168.8,173.4,173.6,175.1,173.1,175.8
J2IX,01.1.5.2 Margarine and other vegetable fats,162.8,163.0,156.5,163.2,166.7,159.0,160.4,165.4,168.4,166.0,172.0,176.9,167.0
J2IY,01.1.5.3 Olive oil,276.5,277.5,277.6,279.0,276.5,265.3,259.7,253.0,253.7,245.9,247.3,239.8,242.1
L52N, 01.1.6 Fruit,129.8,131.5,134.4,135.4,137.0,137.2,137.7,137.5,136.5,136.6,135.5,135.1,134.8
J2LJ,01.1.6.1 Fresh or chilled fruit,129.8,131.8,135.2,136.5,138.2,138.1,138.7,138.4,136.7,136.6,134.7,134.4,133.6
J2M4,01.1.6.3 Dried fruit and nuts,132.3,132.4,133.6,133.6,135.4,136.2,137.5,137.6,140.2,139.3,141.7,140.5,141.8
J2M5,01.1.6.4 Preserved fruit and fruit-based products,130.9,132.4,132.8,132.6,132.3,133.2,130.7,129.8,127.7,133.7,134.5,135.1,135.7
L52O, 01.1.7 Vegetables including potatoes and tubers,133.9,135.1,135.4,135.5,136.2,136.2,136.3,137.1,136.2,137.2,138.0,137.9,138.5
J2M6,01.1.7.1 Fresh or chilled vegetables other than potatoes,130.8,132.1,132.3,132.2,131.7,132.9,132.7,133.3,132.2,133.7,133.8,134.2,134.9
J2M7,01.1.7.2 Frozen vegetables other than potatoes and other tubers,119.1,120.1,118.8,119.6,120.4,121.2,120.0,119.5,119.6,121.3,120.1,120.4,121.8
J2M8,"01.1.7.3 Dried vegetables, other preserved or processed vegetables",137.2,138.5,139.5,138.2,140.0,136.7,138.5,136.7,139.0,137.0,140.0,137.6,139.7
J2M9,01.1.7.4 Potatoes,129.8,130.9,129.2,130.3,131.6,127.0,129.2,131.4,127.7,131.0,131.3,131.5,131.9
J2MA,01.1.7.5 Crisps,150.2,151.6,153.6,153.9,155.3,158.0,156.4,158.4,157.9,158.1,159.8,159.4,159.5
J2MB,01.1.7.6 Other tubers and products of tuber vegetables,98.3,98.2,96.9,98.3,98.0,98.1,97.7,99.1,98.8,98.5,97.7,98.0,98.8
L52P," 01.1.8 Sugar, jam, syrups, chocolate and confectionery",136.6,136.2,135.3,136.5,138.2,142.1,143.4,141.8,144.5,146.5,144.6,147.9,150.8
J2MC,01.1.8.1 Sugar,179.5,179.4,179.0,179.0,175.2,172.9,178.0,174.0,173.9,174.3,174.3,174.3,172.6
J2MD,"01.1.8.2 Jams, marmalades and honey",132.4,132.5,132.3,132.9,132.3,133.3,131.9,130.0,131.8,132.3,133.7,133.8,132.9
J2ME,01.1.8.3 Chocolate,134.6,131.2,132.4,132.6,134.8,141.1,143.5,143.2,146.6,148.6,145.6,150.6,155.4
J2MF,01.1.8.4 Confectionery products,133.2,134.4,132.7,134.5,136.3,136.5,135.3,134.9,135.8,137.4,139.8,142.2,141.2
J2MG,01.1.8.5 Edible ices and ice cream,140.6,147.4,140.7,144.8,147.4,150.3,151.0,144.0,147.3,151.0,145.3,145.8,149.8
L52Q, 01.1.9 Food products (nec),148.9,149.3,149.0,149.5,149.5,148.6,149.7,150.1,150.6,152.5,152.6,153.8,154.3
J2MH,"01.1.9.1/2 Sauces, condiments, salt, spices and culinary herbs",152.0,153.5,152.7,154.7,153.2,152.6,152.1,153.3,151.5,153.6,152.9,154.4,155.3
J2MI,01.1.9.4 Ready-made meals,147.3,147.8,147.7,147.3,148.2,148.5,149.0,149.3,152.6,153.7,154.3,156.1,156.4
J2MJ,01.1.9.9 Other food products nec,138.1,135.4,136.1,134.5,136.3,132.2,139.3,137.7,138.1,140.5,142.2,140.8,141.2
L52R,01.2 Non-alcoholic beverages,138.1,139.1,139.8,139.6,139.7,142.7,142.8,142.4,145.0,145.5,146.9,147.6,148.8
L52S,"01.2.1 Coffee, tea and cocoa",133.2,134.1,132.7,132.9,133.6,139.8,138.4,137.0,140.0,142.2,143.7,147.0,148.1
J2NH,01.2.1.1 Coffee,127.8,128.4,127.3,127.8,127.4,137.2,135.8,133.5,137.4,140.2,142.7,144.9,147.5
J2NI,01.2.1.2 Tea,135.5,137.9,135.7,137.7,138.2,137.8,137.6,135.7,137.0,138.1,137.7,143.5,141.7
J2NJ,01.2.1.3 Cocoa and powdered chocolate,167.5,165.4,165.1,156.5,167.4,169.1,161.5,171.4,173.5,175.0,176.3,178.3,177.9
L52T,"01.2.2 Mineral waters, soft drinks and juices",140.1,141.1,142.5,142.1,142.1,144.1,144.6,144.6,147.1,147.1,148.4,148.4,149.5
J2NK,01.2.2.1 Mineral or spring waters,159.8,162.5,161.4,164.8,163.4,164.0,167.7,164.5,170.8,165.7,169.4,168.0,171.5
J2NL,01.2.2.2 Soft drinks,140.6,140.8,141.9,141.6,141.3,142.5,143.2,143.5,145.7,146.8,147.8,148.4,147.9
J2NM,01.2.2.3 Fruit and vegetable juices,136.7,138.6,141.5,139.8,140.6,144.8,144.2,144.3,146.3,145.4,146.7,146.1,149.8
L52U,02.1 Alcoholic beverages,119.0,119.4,119.9,119.5,118.2,121.3,122.1,122.6,123.2,123.2,124.3,123.5,124.1
L52V,02.1.1 Spirits,115.8,116.0,115.9,115.5,113.8,118.0,118.4,119.2,121.1,120.2,121.1,120.3,121.3
L52W,02.1.2 Wine,116.3,116.7,117.6,117.2,116.0,118.8,119.4,119.7,119.2,120.0,120.8,119.7,120.6
J2NO,02.1.2.1 Wine from grapes,115.1,115.6,116.8,116.2,114.9,117.7,118.3,118.6,118.2,118.6,119.6,118.4,119.5
J2NP,02.1.2.2 Wine from other fruits,117.9,118.2,117.8,118.3,118.0,119.4,119.5,119.9,120.4,122.7,122.1,122.6,121.4
J2NQ,02.1.2.3 Fortified wines,142.0,140.8,138.9,140.0,136.7,145.6,147.7,148.3,142.3,147.4,147.2,143.1,145.9
L52X,02.1.3 Beer,127.4,127.7,128.2,127.9,127.1,129.1,131.3,131.7,132.8,132.4,134.3,133.8,133.5
J2NR,02.1.3.1 Lager beer,128.0,128.2,128.8,128.2,127.2,129.4,131.3,131.4,132.9,131.0,135.5,133.6,133.2
J2NS,02.1.3.2 Other alcoholic beer,122.3,122.6,122.9,123.0,122.7,124.3,126.7,127.7,128.2,130.0,128.0,129.5,129.4
L5KR,02.2 Tobacco,177.1,176.8,176.8,182.7,184.1,186.0,188.3,189.3,190.0,190.4,190.4,190.8,190.7
J2NT,02.2.0.1 Cigarettes,177.3,177.0,177.0,182.3,183.4,185.3,187.7,188.7,189.6,189.9,190.0,190.3,190.2
J2NU,02.2.0.2 Cigars,169.8,171.7,171.7,176.9,177.5,177.3,178.6,177.3,177.5,177.8,178.2,177.8,177.9
J2NV,02.2.0.3 Other tobacco products,176.6,176.1,176.3,186.4,189.2,191.7,193.1,193.8,193.7,194.5,194.3,195.2,195.0
L52Z,03.1 Clothing,120.8,123.3,125.0,125.9,125.4,121.0,120.4,123.5,122.3,123.4,122.8,120.1,121.4
L532,03.1.2 Garments,120.7,123.5,125.4,126.5,125.7,120.5,120.6,123.6,122.3,123.2,122.7,119.8,121.5
J2NW,03.1.2.1 Garments for men,122.9,124.6,126.1,126.4,126.8,123.0,122.5,124.4,123.9,124.7,125.2,124.0,123.3
J2NX,03.1.2.2 Garments for women,119.5,122.2,124.7,126.1,124.3,118.2,119.4,123.2,122.2,123.7,123.1,119.8,121.8
J2NY,03.1.2.3 Garments for infants (0-2) and children (3-13),123.5,128.2,129.4,130.7,130.8,125.4,123.7,126.3,123.4,123.3,121.6,117.1,121.6
L533,03.1.3 Other clothing and clothing accessories,115.5,116.3,116.3,116.7,117.8,117.8,113.3,116.9,116.0,117.9,116.9,115.5,113.7
J2NZ,03.1.3.1 Other articles of clothing,108.9,109.9,109.6,109.9,111.1,111.6,105.1,109.5,108.4,110.6,109.8,107.5,105.7
J2O2,03.1.3.2 Clothing accessories,126.7,126.9,127.8,128.1,129.1,127.3,130.3,130.4,130.5,131.1,129.6,131.4,130.0
L534,"03.1.4 Cleaning, repair and hire of clothing",146.5,146.9,147.4,147.9,148.2,149.0,149.8,150.5,152.4,154.2,155.0,155.9,156.0
J2O3,03.1.4.1 Cleaning of clothing,144.3,144.8,145.2,145.8,146.0,146.5,147.0,147.7,149.8,151.6,152.6,153.7,154.0
J2O4,03.1.4.2 Repair and hire of clothing,157.0,157.4,158.2,158.5,159.2,161.2,163.1,164.2,165.3,166.5,166.8,166.8,166.2
L535,03.2 Footwear including repairs,104.5,106.6,106.2,106.0,104.8,102.9,103.3,104.5,102.6,102.7,102.4,102.1,102.6
J2O5,03.2.1.1 Footwear for men,111.5,112.9,111.5,111.3,110.2,108.3,108.7,110.4,109.1,108.5,108.9,108.5,109.4
J2O6,03.2.1.2 Footwear for women,94.9,96.5,96.8,97.0,95.3,93.5,93.9,95.0,92.1,92.8,92.1,91.7,92.2
J2O7,03.2.1.3 Footwear for infants and children,122.1,127.6,126.3,125.0,125.4,123.0,123.2,123.8,124.4,124.0,123.7,124.1,123.4
L536,04.1 Actual rentals for housing,127.4,127.9,128.5,129.3,129.7,130.6,131.0,131.3,131.7,131.9,132.2,132.7,133.0
L5P5, 04.2 Owner occupiers' housing costs,127.7,128.5,129.5,130.5,131.3,131.8,132.4,132.9,133.2,133.7,134.2,134.0,134.5
L537,04.3 Regular maintenance and repair of the dwelling,120.6,120.8,120.9,120.3,120.7,121.1,120.9,120.5,120.1,121.4,121.3,121.0,121.6
L538,04.3.1 Materials for maintenance and repair,131.7,132.2,132.5,130.6,131.7,132.2,131.2,130.4,129.1,132.4,132.1,130.9,132.5
L539,04.3.2 Services for maintenance and repair,109.3,109.4,109.4,109.5,109.5,109.9,110.0,110.0,110.1,110.1,110.2,110.4,110.4
J2OC,04.3.2.1 Services of plumbers,107.8,108.0,108.0,108.0,108.0,108.2,108.5,108.5,108.5,108.5,108.6,108.8,108.8
J2OD,04.3.2.2 Services of electricians,104.4,104.5,104.5,104.5,104.5,104.7,104.7,104.7,105.0,105.0,105.2,105.6,105.8
J2OE,04.3.2.4 Services of painters,111.0,111.0,111.0,111.3,111.3,111.4,111.4,111.4,111.4,111.4,111.7,111.7,111.7
J2OF,04.3.2.5 Services of carpenters,115.4,115.4,115.4,115.4,115.4,116.7,116.7,116.7,116.9,116.9,116.9,116.9,116.9
L53A,04.4 Water supply and misc. services for the dwelling,130.4,130.4,130.4,130.4,130.4,130.4,130.4,130.4,164.4,164.4,164.4,164.4,164.4
L53B,04.4.1 Water supply,131.0,131.0,131.0,131.0,131.0,131.0,131.0,131.0,165.5,165.5,165.5,165.5,165.5
L53C,04.4.3 Sewerage collection,130.2,130.2,130.2,130.2,130.2,130.2,130.2,130.2,164.0,164.0,164.0,164.0,164.0
L53D,"04.5 Electricity, gas and other fuels",156.5,156.3,170.4,170.3,170.4,172.9,172.8,172.5,180.0,179.8,179.7,171.2,171.1
L53E,04.5.1 Electricity,175.3,175.3,188.8,188.8,189.0,191.2,191.2,191.1,196.8,196.7,196.7,189.3,189.3
L53F,04.5.2 Gas,130.3,130.3,145.5,145.5,145.5,147.4,147.5,147.5,158.6,158.6,158.7,147.3,147.2
J2OJ,04.5.2.1 Natural gas and town gas,129.5,129.5,145.0,145.0,145.0,147.0,147.1,147.1,158.4,158.5,158.5,146.8,146.7
J2OK,"04.5.2.2 Liquefied hydrocarbons (butane, propane, etc.)",163.7,163.7,165.5,165.5,165.5,164.3,164.3,164.3,167.3,167.3,167.3,167.3,167.3
L53G,04.5.3 Liquid fuels,156.3,150.0,155.0,150.1,153.3,166.2,165.9,153.4,141.5,135.1,132.5,146.5,143.5
L53H,04.5.4 Solid fuels,153.9,154.0,153.6,152.7,152.6,152.5,152.7,152.7,152.7,152.7,151.9,151.7,151.8
DHYR,04.9  Council Tax and rates,144.9,144.9,144.9,144.9,144.9,144.9,144.9,144.9,152.7,152.7,152.7,152.7,152.7
L53I,"05.1 Furniture, furnishings and carpets",136.7,138.7,137.8,138.0,140.6,134.8,137.2,139.2,135.9,138.9,139.7,135.7,137.1
L53J,05.1.1 Furniture and furnishings,136.6,139.2,138.2,138.4,141.7,134.9,137.6,139.9,136.1,139.5,140.4,135.7,137.5
J2ON,05.1.1.1 Household furniture,139.5,142.3,141.2,141.5,145.0,137.9,140.6,143.0,139.1,142.7,143.6,138.8,140.7
J2OO,05.1.1.2 Garden furniture,91.5,93.6,93.0,93.0,95.7,90.9,92.7,94.2,91.7,92.7,89.8,88.5,85.0
J2OP,05.1.1.3 Lighting equipment,108.7,108.5,109.8,109.3,107.8,105.9,106.7,108.2,106.6,108.5,108.9,105.7,107.1
J2OQ,05.1.1.9 Other furniture and furnishings,123.7,124.9,124.0,123.7,128.1,123.3,125.3,125.2,121.7,125.0,125.2,121.4,121.4
L53K,05.1.2 Carpets and other floor coverings,137.4,137.0,136.5,136.7,136.7,136.0,137.0,137.7,136.7,137.4,138.2,137.0,136.7
J2OR,05.1.2.1 Carpets and rugs,134.9,134.1,133.6,134.1,134.1,133.4,134.7,135.3,134.6,135.3,136.2,134.9,134.8
J2OS,05.1.2.2 Other floor coverings,153.9,156.4,155.3,153.3,153.5,152.1,151.1,153.3,149.9,149.7,149.8,149.7,147.6
L53L,05.2 Household textiles,113.2,112.3,114.6,114.3,115.5,111.9,115.7,115.2,113.5,115.7,114.0,113.7,115.8
J2OT,05.2.0.1 Furnishings fabrics and curtains,113.9,113.9,116.6,114.6,116.7,113.1,117.1,117.3,114.3,116.9,116.2,114.6,116.9
J2OU,05.2.0.2 Bed linen,111.4,110.1,112.4,112.6,113.5,110.5,113.2,112.8,112.1,113.5,111.7,111.7,113.3
J2OV,05.2.0.3 Table linen and bathroom linen,116.8,115.3,116.5,118.7,118.1,112.7,119.8,117.1,116.0,119.9,115.6,117.6,120.7
L53M,"05.3 Household appliances, fitting and repairs ",118.4,119.6,122.0,119.7,124.4,122.5,121.1,122.2,117.6,119.7,121.0,119.8,119.6
L53N,05.3.1/2 Major appliances and small electric goods,118.8,120.0,122.6,120.2,125.1,123.1,121.6,122.7,117.8,120.0,121.5,120.2,119.9
J2OW,"05.3.1.1 Refrigerators, freezers and fridge-freezers",148.1,148.3,147.9,140.4,149.7,151.9,142.9,150.2,138.8,142.1,151.2,147.9,151.9
J2OX,"05.3.1.2 Clothes washing machines, clothes drying machines and dish washing machines",123.4,125.3,124.0,122.6,124.7,123.2,121.5,120.8,120.4,119.2,120.4,118.0,118.3
J2OY,05.3.1.3 Cookers,122.2,122.1,122.3,115.8,123.3,120.4,122.3,123.5,119.2,122.5,120.1,119.5,118.3
J2OZ,"05.3.1.4 Heaters, air conditioners",121.8,122.2,133.3,134.7,137.7,136.9,130.1,130.1,127.4,128.3,129.1,128.2,128.2
J2P2,05.3.1.5 Cleaning equipment,91.7,94.3,92.1,85.1,95.4,87.8,96.5,94.5,85.4,94.1,91.6,93.2,89.1
J2P3,"05.3.2.2 Coffee machines, tea makers and similar appliances",119.6,122.6,122.0,122.0,123.5,118.0,120.8,119.2,120.3,118.1,124.0,119.7,114.8
J2P4,05.3.2.3 Irons,121.4,126.5,118.5,122.6,121.2,124.6,122.9,122.8,117.3,122.3,117.8,116.7,118.2
J2P5,05.3.2.9 Other small electric household appliances,93.3,93.0,90.1,86.8,90.5,89.0,86.8,88.2,85.1,80.0,76.6,80.2,83.5
L53O,05.3.3 Repair of household appliances,122.0,122.1,122.1,122.1,122.2,122.2,122.3,122.4,122.5,122.5,122.6,122.6,122.7
L53P,"05.4 Glassware, tableware and household utensils",110.1,108.5,110.7,110.9,110.1,109.0,110.1,109.9,109.0,110.1,109.7,109.5,109.5
J2P7,"05.4.0.1 Glassware, crystal-ware, ceramic ware and chinaware",95.9,93.7,95.5,95.9,94.4,94.5,95.3,95.8,95.2,96.5,96.5,95.4,94.9
J2P8,"05.4.0.2 Cutlery, flatware and silverware",120.4,116.4,118.6,121.1,119.5,117.5,119.3,119.2,114.7,117.7,119.2,119.1,119.0
J2P9,05.4.0.3 Non electric kitchen utensils and articles,117.7,116.7,119.2,119.1,118.9,117.1,118.3,117.7,117.0,117.8,116.8,117.2,117.5
L53Q,05.5 Tools and equipment for house and garden,118.0,116.9,116.4,118.4,118.3,119.0,117.5,119.1,117.4,119.8,119.8,117.6,120.0
J2PA,05.5.1.1 Motorised major tools and equipment,143.6,142.7,145.1,143.8,145.1,144.8,145.9,145.7,142.1,144.0,142.1,137.8,140.6
J2PB,"05.5.1.2 Repair, leasing and rental of major tools and equipment",103.8,104.9,105.8,107.3,109.5,110.0,110.1,111.3,111.7,111.7,111.4,111.3,111.6
J2RH,05.5.2.1 Non-motorised small tools,124.3,124.2,124.3,127.6,127.1,127.7,126.2,127.1,126.4,126.1,124.9,126.0,125.7
J2SF,05.5.2.2 Miscellaneous small tool accessories,111.8,110.1,108.9,111.2,110.8,111.6,109.8,111.8,110.0,113.3,113.8,110.9,114.1
L53R,05.6 Goods and services for routine maintenance,130.6,130.2,131.4,131.0,132.1,130.2,133.2,131.9,133.0,131.8,133.2,132.0,132.1
L53S,05.6.1 Non-durable household goods,117.0,116.4,117.6,117.0,118.0,115.4,118.6,116.6,117.9,115.8,117.7,115.9,115.5
J2SG,05.6.1.1 Cleaning and maintanance products,110.6,109.7,111.5,110.3,111.9,108.5,112.8,110.3,112.0,109.0,111.4,109.4,108.9
J2SH,05.6.1.2 Other non-durable small household articles,138.3,138.5,138.2,139.0,138.8,138.2,138.3,137.7,137.5,138.3,138.6,137.5,137.4
L53T,05.6.2 Domestic services and household services,133.3,133.5,134.2,134.7,135.4,135.6,137.3,137.9,138.5,139.2,139.4,139.5,140.6
J2SI,05.6.2.1 Domestic services by paid staff,132.4,132.4,133.1,133.7,134.4,134.4,136.6,137.3,137.9,138.6,138.7,138.7,139.9
J2SJ,05.6.2.9 Other domestic services and household services,137.2,138.0,138.7,139.3,139.9,140.4,141.0,141.1,141.6,142.3,142.9,143.5,144.1
L53U,"06.1 Medical products, appliances and equipment",127.3,127.8,128.0,127.8,128.7,129.6,129.9,130.1,130.5,130.9,131.3,131.4,132.3
L53V,06.1.1 Pharmaceutical products,134.3,134.9,135.3,134.9,135.5,136.5,136.6,137.0,137.3,137.8,138.4,138.4,139.6
L53W,06.1.2/3 Other medical and therapeutic equipment,115.8,116.0,115.9,116.1,117.6,118.3,118.8,118.8,119.2,119.5,119.4,119.8,120.1
J2SL,06.1.2.1 Pregnancy tests and mechanical contraceptive devices,112.9,114.1,112.4,113.9,111.7,112.0,110.6,112.2,111.8,113.0,112.5,114.1,111.6
J2SM,06.1.2.9 Other medical products n.e.c,118.9,120.0,118.6,120.1,119.5,120.1,121.4,116.7,118.2,114.2,118.3,117.7,119.2
J2SN,06.1.3.1 Corrective eye-glasses and contact lenses,115.7,115.7,116.0,115.9,117.9,118.7,119.2,119.5,119.8,120.5,120.1,120.5,120.8
L53X,06.2 Out-patient services,132.5,132.8,133.2,133.3,133.8,134.5,134.9,135.8,136.5,137.0,137.5,137.7,138.5
L53Y,06.2.1/3 Medical services & paramedical services,125.2,125.4,125.9,126.1,126.4,126.6,126.8,127.5,127.7,128.2,128.6,128.9,129.3
L53Z,06.2.2 Dental services,143.5,143.8,144.1,144.1,144.8,146.1,146.9,148.2,149.5,150.1,150.6,150.8,152.0
L542,06.3 Hospital services,157.8,157.9,160.1,160.3,160.9,162.5,163.1,163.5,164.0,164.3,164.7,160.8,161.0
L543,07.1 Purchase of vehicles,122.0,122.3,122.6,122.6,122.4,122.6,122.6,123.5,124.4,124.3,124.1,124.1,124.3
L544,07.1.1A New cars,135.6,135.8,135.9,136.9,137.3,138.4,137.9,138.9,139.6,139.7,139.5,139.8,139.8
L545,07.1.1B Second-hand cars,111.1,111.4,111.6,111.4,110.8,110.3,110.8,111.7,112.7,112.3,112.0,112.1,112.2
L546,07.1.2/3 Motorcycles and bicycles,121.5,123.0,123.7,121.6,121.0,122.6,121.5,121.8,120.8,122.4,123.0,121.6,122.6
J2SQ,07.1.2.0 Motor cycles ,104.9,105.6,106.0,104.0,104.9,105.8,104.3,105.7,104.8,104.7,105.8,105.1,105.7
J2SR,07.1.3.0 Bicycles ,134.8,136.7,137.7,135.4,134.0,136.0,135.2,134.8,133.6,136.7,136.7,134.8,136.3
L547,07.2 Operation of personal transport equipment ,137.0,134.4,133.5,134.3,135.1,136.1,137.0,136.5,141.7,138.5,138.9,140.0,139.9
L548,07.2.1 Spare parts and accessories,132.7,132.4,134.8,135.2,134.5,135.8,136.0,136.0,136.8,138.7,138.8,139.1,138.8
J2SS,07.2.1.1 Tyres,142.9,143.1,143.7,145.0,146.1,148.3,148.9,147.7,147.8,147.4,146.7,146.3,146.6
J2ST,07.2.1.2 Spare parts for personal transport,130.5,130.0,132.8,133.1,131.9,133.1,133.1,133.5,134.4,136.8,137.0,137.6,137.1
L549,07.2.2 Fuels and lubricants,128.8,123.8,121.3,122.2,123.7,124.7,126.5,125.1,122.5,120.5,120.0,122.0,122.5
J2SU,07.2.2.1 Diesel,128.6,123.4,121.0,122.2,124.1,125.4,127.3,126.0,123.3,121.0,120.5,123.0,123.7
J2T5,07.2.2.2 Petrol,128.3,123.3,120.7,121.5,122.8,123.6,125.4,123.9,121.3,119.3,118.9,120.7,121.0
J2T6,07.2.2.4 Lubricants,144.9,147.0,145.7,144.5,144.3,146.0,143.7,145.4,145.8,149.6,148.8,148.0,149.0
L54A,07.2.3 Maintenance and repairs,143.1,142.3,143.2,144.8,145.3,147.5,147.4,148.0,148.1,149.3,152.3,152.5,151.1
L54B,07.2.4 Other services,156.7,156.7,156.6,156.5,156.4,156.4,156.4,156.5,186.9,174.4,174.6,174.7,174.8
J2TN,"07.2.4.1 Hire of garages, parking spaces and personal transport equipment",172.7,171.4,167.6,165.3,162.1,160.7,159.4,161.7,166.1,167.8,169.5,169.8,170.7
J2TO,07.2.4.2 Toll facilities and parking meters,146.3,149.4,148.2,145.9,143.6,140.3,139.3,139.3,143.0,147.5,150.7,152.9,153.6
J2TP,"07.2.4.3 Driving lessons, test licences and road worthiness tests",152.7,152.8,152.8,152.8,152.9,153.0,153.1,153.1,183.9,171.0,171.1,171.2,171.2
L54C,07.3 Transport services,174.6,152.2,154.9,146.6,152.7,146.2,149.9,150.3,163.2,158.1,162.6,176.7,179.9
L54D,07.3.1 Passenger transport by railway,135.3,135.4,137.5,136.5,136.5,135.1,137.8,141.8,146.0,142.6,144.6,144.2,145.6
J2TS,07.3.1.1 Passenger transport by train,139.8,139.9,142.8,141.5,141.5,139.5,143.2,147.3,153.0,148.3,151.0,150.2,152.1
J2TT,07.3.1.2 Passenger transport by underground and tram,123.8,123.8,123.8,123.8,123.8,124.0,124.0,127.8,127.8,127.8,127.8,128.8,128.8
L54E,07.3.2/6 Passenger transport by road and other transport services,161.0,161.0,160.9,161.4,163.1,163.9,164.3,163.5,166.7,165.9,166.6,168.7,170.2
J2TU,07.3.2.1 Passenger transport by bus and coach,179.6,177.5,176.2,176.5,181.0,183.3,186.7,183.6,191.1,186.7,188.4,189.9,193.6
J2TV,07.3.2.2 Passenger transport by taxi and hired car with driver,142.1,142.5,142.2,142.4,142.6,142.7,142.5,142.5,143.4,144.4,144.9,148.4,148.8
J2TW,07.3.6.2 Removal and storage services ,142.1,142.8,143.5,144.1,145.2,145.3,144.1,144.4,145.8,146.3,146.3,147.5,148.1
L54F,07.3.3 Passenger transport by air,242.2,157.8,167.7,135.4,157.3,127.5,135.0,134.6,171.5,162.9,175.8,228.9,233.8
L54G,07.3.4 Passenger transport by sea and inland waterway,191.5,159.5,149.8,145.8,148.9,152.2,162.1,152.3,176.8,158.7,167.0,187.8,200.5
L54H,08.1 Postal services,163.0,162.6,171.0,169.5,173.2,169.2,170.6,169.2,175.4,175.4,175.4,175.4,175.2
L54I,08.2/3 Telephone and telefax equipment and services,132.9,134.4,134.3,133.3,134.1,134.3,134.6,135.2,141.1,140.8,140.9,141.0,140.9
J2TZ,08.2.0.1 Fixed telephone equipment,117.6,116.0,115.7,110.0,119.0,115.4,116.2,119.7,117.3,119.6,118.8,118.3,118.7
J2U2,08.2.0.2 Mobile telephone equipment,80.0,83.2,82.4,79.8,83.1,84.0,85.3,84.3,84.2,83.3,83.6,84.3,84.4
J2U3,08.3.0.1 Wired telephone services,158.3,158.3,158.3,158.3,158.3,158.3,158.3,158.3,163.2,163.2,163.2,163.2,163.2
J2U4,08.3.0.2 Wireless telephone services,127.2,127.1,127.4,126.6,126.5,126.4,126.3,128.9,135.5,135.3,135.2,135.0,134.7
J2U5,08.3.0.3 Internet access provision services,155.3,155.3,153.1,153.1,153.1,153.1,153.1,153.1,174.0,174.0,174.0,174.0,174.0
J2U6,08.3.0.4 Bundled telecommunication services,144.5,146.6,146.7,146.7,146.7,146.7,146.7,146.7,154.0,154.0,154.0,154.0,154.0
L54J,09.1 Audio-visual equipment and related products,100.1,100.3,98.5,95.9,97.0,97.6,100.1,99.1,97.5,97.8,98.2,95.7,97.0
L54K,09.1.1 Reception and reproduction of sound and pictures,85.5,84.4,85.2,81.6,81.6,84.1,84.7,82.7,80.9,79.5,79.1,78.8,79.6
J2U7,"09.1.1.1 Equipment for the reception, recording and reproduction of sound",106.0,106.4,110.8,103.8,101.7,104.5,109.8,103.1,100.8,102.2,101.3,100.4,99.0
J2U8,"09.1.1.2 Equipment for the reception, recording and reproduction of sound and vision",72.5,71.2,71.7,69.0,69.3,68.8,69.0,67.4,65.9,61.9,61.7,62.5,62.8
J2U9,09.1.1.3 Portable sound and vision devices,118.1,112.7,104.8,104.1,109.9,130.9,122.1,128.1,126.3,129.2,128.2,121.9,133.4
J2UA,"09.1.1.9 Other equipment for the reception, recording and reproduction of sound and picture",92.0,92.8,93.1,90.9,87.9,92.5,91.3,93.8,91.3,94.9,96.1,94.8,95.9
L54L,"09.1.2 Photographic, cinematographic and optical equipment",78.5,81.6,79.5,77.9,76.1,83.9,82.9,83.6,81.8,82.6,79.6,78.0,84.5
L54M,09.1.3 Data processing equipment,78.4,77.7,73.7,73.7,73.0,75.2,77.7,77.6,75.8,75.7,76.3,75.2,75.2
J2UC,09.1.3.1 Personal computers,59.8,60.1,56.0,54.1,55.2,56.1,56.7,57.3,54.4,57.1,56.2,54.1,53.1
J2UD,09.1.3.2 Accessories for information processing equipment,98.6,96.5,91.8,92.0,91.3,93.3,93.1,89.4,92.0,87.9,89.8,87.3,88.6
J2UE,09.1.3.3 Software,82.2,81.2,78.6,81.4,77.6,82.2,90.8,93.0,89.1,88.0,89.9,92.4,92.7
L54N,09.1.4 Recording media,154.9,157.3,157.9,151.1,157.8,150.4,155.9,153.9,153.1,155.6,157.5,149.9,152.7
J2UF,09.1.4.1 Pre-recorded recording media,168.6,171.0,171.7,163.9,171.7,163.1,169.8,167.1,166.3,169.1,171.3,162.5,165.7
J2UG,09.1.4.2 Unrecorded recording media,114.6,115.0,115.6,116.1,118.3,117.2,117.6,118.0,116.2,117.4,117.6,117.7,117.7
J2UH,09.1.4.9 Other recording media,77.5,81.5,81.6,79.4,79.1,78.7,76.4,79.1,78.2,79.0,78.6,78.7,78.5
L54O,09.1.5 Repair of audio-visual equipment & related products,119.9,119.9,104.7,105.0,104.9,104.9,104.9,106.1,106.3,106.4,106.5,107.0,107.1
L54P,09.2 Oth. major durables for recreation & culture,127.7,127.7,127.7,127.8,127.8,130.1,130.6,130.7,132.5,132.7,132.8,133.3,133.3
L54Q,09.2.1/2/3 Major durables for in/outdoor recreation and their maintenance,127.7,127.7,127.7,127.8,127.8,130.1,130.6,130.7,132.5,132.7,132.8,133.3,133.3
J2UJ,09.2.1.1 Camper vans,116.5,116.5,118.5,118.5,118.5,118.5,118.5,118.5,119.0,119.0,119.0,119.1,119.1
J2UK,"09.2.1.3 Boats, outboard motors and fitting out of boats",193.8,193.8,196.9,196.9,196.9,196.9,196.9,196.9,206.7,206.7,206.7,208.3,208.3
J2UM,09.2.1.5 Major items for games and sport,103.0,103.0,101.3,101.3,101.3,105.4,105.4,105.4,106.4,106.4,106.4,106.3,106.3
J2UN,09.2.2.1 Musical instruments,126.2,125.7,125.9,125.5,125.2,126.5,133.9,128.8,132.7,132.7,130.5,136.2,136.7
J2UL,09.2.3.0 Maintenance and repair of other major durables for recreation and culture,123.3,123.6,124.3,124.7,124.9,125.8,126.0,127.0,128.6,129.2,129.8,130.0,130.1
L54R,"09.3 Other recreational items, gardens and pets",122.5,122.3,123.3,124.4,124.1,125.9,124.6,123.7,123.4,124.0,124.0,124.2,124.2
L54S,"09.3.1 Games, toys and hobbies",107.3,108.3,109.9,112.6,108.5,114.3,110.5,107.5,106.2,107.0,104.7,107.9,107.0
J2UO,09.3.1.1 Games and hobbies,100.7,102.1,105.7,112.1,104.4,112.4,105.9,100.5,100.2,101.1,97.6,103.3,100.2
J2UP,09.3.1.2 Toys and celebration articles,113.1,113.8,113.3,112.3,111.9,115.5,114.4,113.9,111.5,112.2,111.2,111.8,113.2
L54T,09.3.2 Equipment for sport and open-air recreation,119.7,119.0,119.4,119.5,122.1,122.3,121.9,121.6,121.3,121.4,121.7,121.3,120.0
J2UQ,09.3.2.1 Equipment for sport,122.7,121.4,122.2,122.4,125.2,125.1,125.5,125.1,124.9,124.7,125.5,125.5,124.2
J2UR,09.3.2.2 Equipment for camping and open-air recreation,108.4,109.7,108.9,108.3,110.0,111.6,108.3,108.4,107.3,108.6,107.3,105.4,103.7
L54U,"09.3.3 Gardens, plants and flowers",125.6,125.6,127.7,127.0,128.5,127.9,128.1,128.1,128.0,128.2,128.1,126.1,126.1
J2US,09.3.3.1 Garden products,146.3,146.8,148.2,148.0,149.4,149.5,150.2,147.4,145.6,145.6,145.6,145.1,142.9
J2UT,09.3.3.2 Plants and flowers,122.6,122.4,124.7,123.8,125.3,124.7,124.9,125.3,125.4,125.7,125.5,123.3,123.6
L54V,"09.3.4/5 Pets, related products and services",141.6,140.6,141.1,142.5,142.8,143.3,142.6,142.9,143.4,144.2,146.2,145.2,146.8
J2UU,09.3.4.1 Purchase of pets ,113.8,113.8,123.2,123.4,123.5,124.4,124.4,124.3,124.4,124.3,124.3,124.4,124.4
J2UV,09.3.4.2 Products for pets,129.0,126.5,125.8,127.2,127.7,128.1,126.6,126.7,127.0,127.2,129.7,127.5,129.9
J2UW,09.3.5.0 Veterinary and other services for pets,162.8,164.3,165.8,167.1,167.2,167.8,168.5,169.1,170.4,172.5,173.4,174.5,174.9
L54W,09.4 Recreational and cultural services,137.6,139.3,137.8,138.3,138.3,137.2,137.2,138.3,142.4,142.2,143.4,144.5,145.1
L54X,09.4.1 Recreational and sporting services,139.2,142.2,141.6,141.9,142.0,140.4,140.7,140.9,145.3,145.7,146.1,146.0,146.5
J2UX,09.4.1.1 Recreational and sporting services - Attendance        ,141.1,141.3,140.1,140.2,140.3,138.8,138.9,138.9,145.9,145.9,147.0,143.4,146.3
J2UY,09.4.1.2 Recreational and sporting services - Participation,140.2,143.7,143.2,143.5,143.7,142.1,142.3,142.6,146.5,147.0,147.3,147.8,148.0
L54Y,09.4.2 Cultural services,137.1,138.2,136.3,137.0,136.8,136.0,135.9,137.4,141.4,140.9,142.6,144.3,144.9
J2UZ,"09.4.2.1 Cinemas, theatres, concerts",136.1,139.2,134.5,136.3,135.6,134.4,133.7,136.0,137.0,135.5,140.0,144.1,145.6
J2V2,"09.4.2.2 Museums, libraries, zoological gardens",153.0,153.0,151.1,151.1,151.1,148.3,148.3,152.1,161.2,161.2,161.2,162.0,162.0
J2V3,"09.4.2.3 Television and radio licence fees, subscriptions",128.8,128.8,128.8,128.8,128.8,128.8,129.0,129.0,134.2,134.2,134.2,134.6,134.6
J2V4,09.4.2.4 Hire of equipment and accessories for culture,141.3,141.3,143.4,143.4,143.4,143.7,143.7,143.7,143.7,143.7,143.7,143.7,143.7
J2V5,09.4.2.5 Photographic services,155.5,155.8,156.4,156.0,160.0,161.7,163.5,164.6,165.3,165.1,166.6,166.5,166.5
L54Z,"09.5 Books, newspapers and stationery",150.5,152.3,153.9,154.6,153.6,152.7,154.2,155.3,156.4,157.5,157.3,157.3,156.9
L552,09.5.1 Books,144.5,148.7,151.3,150.7,147.3,143.4,144.7,149.0,150.4,152.4,153.2,151.9,150.2
J2V6,09.5.1.1 Fiction books,138.7,139.4,137.7,141.1,138.6,136.8,140.0,139.2,141.1,142.3,143.0,144.0,142.9
J2V7,09.5.1.3 Other non-fiction books,140.2,145.8,150.9,148.6,144.4,140.0,139.8,145.9,147.8,150.2,150.2,148.8,146.5
J2V8,09.5.1.4 Binding services and e-book downloads,198.0,216.9,178.8,150.1,197.6,162.1,219.4,264.2,179.7,163.2,250.4,150.7,202.8
L553,09.5.2 Newspapers and periodicals,189.3,190.8,193.3,194.6,194.7,196.4,198.8,197.4,202.0,204.9,202.6,205.7,208.9
J2V9,09.5.2.1 Newspapers,208.0,210.6,211.5,211.3,211.6,218.7,218.7,218.8,222.2,225.3,225.3,231.2,234.2
J2VA,09.5.2.2 Magazines and periodicals,156.5,156.2,160.9,164.7,164.5,157.5,163.5,159.8,166.4,168.8,162.9,161.4,164.9
J2VB,09.5.3.0 Miscellaneous printed matter,114.3,114.2,114.5,114.9,115.1,114.8,114.9,115.0,114.3,114.6,114.7,114.8,114.7
L554,"09.5.3/4 Misc. printed matter, stationery, drawing materials",132.1,132.6,133.2,134.3,134.4,134.2,135.3,135.6,135.2,135.1,135.1,134.8,133.6
J2VC,09.5.4.1 Paper products,141.6,143.0,141.8,143.9,144.1,144.7,146.0,146.0,147.2,144.7,144.9,144.9,144.3
J2VD,09.5.4.9 Other stationery and drawing materials,145.0,145.8,149.3,150.5,150.2,149.4,152.5,153.8,152.2,153.9,153.4,151.7,147.4
L555,09.6 Package holidays,151.9,152.8,153.1,153.2,153.1,153.3,153.4,153.4,156.8,157.5,158.0,158.5,158.9
L52C,10.0 Education,135.2,137.6,142.0,142.0,142.0,145.3,145.3,145.3,145.3,145.3,145.3,145.3,145.3
J2VG,"10.1/2/5 Pre-primary, primary and secondary education(incl not definable by level) ",136.4,143.8,143.8,143.8,143.8,154.5,154.5,154.5,154.5,154.5,154.5,154.5,154.5
J2VH,10.4 Tertiary education,134.9,134.9,141.4,141.4,141.4,141.4,141.4,141.4,141.4,141.4,141.4,141.4,141.4
L556,11.1 Catering services,143.6,143.7,144.1,144.4,144.7,144.3,146.0,146.5,147.4,148.1,148.6,149.2,149.6
L557,11.1.1 Restaurants & cafes,145.0,145.1,145.5,145.8,146.1,145.7,147.5,148.1,149.0,149.6,150.2,150.7,151.0
J2VJ,"11.1.1.1 Restaurants, cafes and dancing establishments ",142.2,142.4,142.7,143.0,143.3,142.7,144.7,145.2,146.1,146.7,147.2,147.7,147.8
J2VK,11.1.1.2 Fast food and take away food services,153.6,153.8,154.4,154.7,155.1,155.2,156.2,156.9,157.8,158.9,159.6,160.2,160.8
L558,11.1.2 Canteens,108.2,105.5,106.0,105.6,105.7,105.5,105.9,105.6,106.5,105.9,106.2,110.2,113.9
L559,11.2 Accommodation services,152.2,156.2,155.8,155.1,153.5,147.6,148.7,151.4,151.9,155.2,158.9,159.3,155.7
J2VM,"11.2.0.1 Hotels, motel, inns and similar accommodation services ",153.1,157.8,156.4,155.6,153.7,146.7,148.1,151.2,151.8,155.8,160.1,160.5,156.1
J2XS,"11.2.0.2 Holiday centres, camping sites, youth hostels and similar accommodation services",193.7,193.7,193.8,193.0,192.0,191.9,191.1,191.8,192.6,192.7,193.4,195.4,197.7
J2YQ,11.2.0.3 Accommodation services of other establishments,132.5,132.5,139.4,139.4,139.4,139.4,139.4,139.4,139.4,139.4,139.4,139.4,139.4
L55A,12.1 Personal care,122.8,123.4,122.9,122.4,123.1,123.8,123.5,124.2,124.4,124.7,124.0,124.8,124.4
L55B,12.1.1 Hairdressing and personal grooming establishments,138.8,139.1,139.3,139.8,140.3,140.7,141.5,142.1,143.4,144.0,144.5,144.6,144.8
J2YR,12.1.1.1 Hairdressing for men and children,147.6,147.7,147.8,148.5,149.6,150.4,151.5,151.8,153.1,154.2,154.9,154.9,155.5
J2YS,12.1.1.2 Hairdressing for women,142.0,142.2,142.5,143.3,143.7,144.2,144.7,145.9,147.5,148.3,148.7,149.0,149.4
J2YT,12.1.1.3 Personal grooming treatments,128.8,129.5,129.5,129.6,129.9,130.0,130.7,130.7,131.8,131.9,132.1,132.1,131.9
J2YU,12.1.2.1 Electric appliances for personal care,136.9,143.4,140.3,132.8,132.4,137.7,134.9,139.4,135.8,140.3,133.9,141.7,139.7
L55C,12.1.2/3 Appliances and products for personal care,117.7,118.4,117.7,116.9,117.7,118.4,118.0,118.6,118.6,118.8,117.8,118.8,118.2
J2YV,12.1.3.1 Non electric appliances,102.1,103.4,103.7,104.9,105.1,101.6,102.1,104.7,106.1,104.0,107.4,106.0,98.3
J2YW,12.1.3.2 Articles for personal hygiene and wellness,116.9,117.3,116.6,115.9,116.8,117.6,117.2,117.5,117.5,117.7,116.6,117.5,117.5
L55D,12.3 Personal effects (nec),117.5,117.5,117.6,119.1,118.7,116.1,118.9,119.3,118.9,120.2,120.1,120.2,122.6
L55E,"12.3.1 Jewellery, clocks and watches",123.8,123.8,123.8,125.7,125.3,122.8,126.0,126.6,126.4,127.8,128.0,127.9,130.7
J2YX,12.3.1.1 Jewellery,126.7,126.8,126.6,128.6,128.0,125.1,129.0,130.0,129.8,131.4,132.0,131.8,135.3
J2YY,12.3.1.2 Clocks and watches,108.9,108.7,109.5,111.0,111.1,109.0,111.0,109.9,109.8,110.9,109.8,109.3,111.1
J2YZ,"12.3.1.3 Repair of jewellery, clocks and watches",136.0,135.6,136.1,137.0,137.4,137.7,138.1,138.4,138.2,138.4,138.9,139.4,139.5
L55F,12.3.2 Other personal effects,103.7,103.6,104.3,104.0,103.7,101.1,102.8,102.8,102.3,103.1,102.4,103.0,104.3
J2Z2,12.3.2.1 Travel goods,95.5,95.5,96.2,96.3,95.6,92.5,93.1,93.1,92.0,92.9,90.9,92.8,94.1
J2Z3,12.3.2.2 Articles for babies,125.4,126.0,126.8,122.4,124.2,122.0,126.1,125.3,122.5,123.5,124.0,121.5,121.3
J2Z4,12.3.2.9 Other personal effects n.e.c.,100.1,99.6,100.1,101.1,100.7,98.8,101.5,101.8,102.6,103.2,104.4,103.7,105.2
L55G,12.4 Social protection,141.0,141.6,142.0,142.5,142.8,143.7,144.2,144.6,145.4,146.0,146.7,147.2,148.1
J2Z5,12.4.0.1 Child care services,133.9,134.4,134.5,135.0,135.4,136.3,136.7,137.2,137.8,138.2,138.8,139.3,140.1
J2Z6,12.4.0.2 Retirement homes for elderly persons and residences for disabled,163.0,163.8,164.7,165.4,165.6,166.6,168.0,168.8,171.1,171.8,172.7,173.2,173.5
J2Z7,12.4.0.3 Services to maintain people in their private homes,158.6,159.5,160.9,161.4,161.4,161.8,162.9,163.2,164.6,166.4,167.6,167.9,169.2
L55H,12.5 Insurance,178.6,177.7,178.1,177.3,176.1,174.2,173.0,172.3,174.0,174.1,174.7,170.3,171.6
L55I,12.5.2 House contents insurance,139.2,139.1,139.5,138.8,138.1,138.0,134.7,133.4,133.7,132.9,132.5,129.9,129.2
L55J,12.5.3/5 Health insurance and other insurance,167.6,167.6,170.8,170.8,170.8,168.4,168.4,168.4,171.3,171.3,171.3,163.4,163.4
L55K,12.5.4 Transport insurance,193.4,190.5,184.6,182.3,178.4,177.0,174.7,173.2,172.7,173.6,175.6,177.3,181.6
J2ZI,12.5.4.1 Motor vehicle insurance,194.5,191.3,184.8,182.3,178.0,176.4,173.9,172.2,171.9,172.9,175.0,175.9,180.5
J2ZY,12.5.4.2 Travel insurance,160.5,160.5,161.9,161.9,161.9,163.8,163.8,163.8,162.4,162.4,162.4,173.4,173.4
L55L,12.6 Financial services (nec),90.5,90.4,90.5,90.7,90.7,91.7,91.7,91.8,91.9,92.3,92.4,92.4,92.4
L55M,12.6.2 Other financial services (nec),90.5,90.4,90.5,90.7,90.7,91.7,91.7,91.8,91.9,92.3,92.4,92.4,92.4
J2ZZ,12.6.2.1 Charges by banks and post offices,89.2,89.0,89.1,89.1,89.1,90.6,90.6,90.7,90.6,90.7,90.8,90.5,90.5
J322,"12.6.2.2 Fees and service charges of brokers, investment counsellors",93.9,94.2,94.2,94.7,94.8,94.9,94.8,95.1,95.4,96.4,96.6,96.9,97.0
L55N,12.7 Other services (nec),106.1,106.2,106.4,106.5,106.9,107.6,107.8,108.1,108.3,108.7,108.9,109.5,109.7
J328,12.7.0.1 Administrative fees,142.0,142.0,142.0,142.0,142.0,142.0,142.0,142.0,157.8,157.8,157.8,157.8,157.8
J329,12.7.0.2 Legal services and accountancy,147.9,148.1,148.3,148.5,150.5,151.2,151.9,153.5,154.6,156.3,157.1,157.3,157.9
J32A,12.7.0.3 Funeral services,133.3,133.8,134.5,134.9,135.3,135.9,136.4,137.3,138.2,139.0,140.0,140.5,141.0
J32B,12.7.0.4 Other fees and services,86.1,86.1,86.2,86.2,86.2,86.9,86.9,86.9,86.4,86.4,86.4,87.0,87.0
